I_est,F,G,A,H,T,N
0,"[0.6549999713897705, []]","['Female', 0.9440000057220459]","[23L, 0.25]","[148.6999969482422, 0.07999999821186066]","['14:42:35', '5', '23', 'August', '2019']",1
0,"[0.6629999876022339, [['1026295355', 0.5299999713897705]]]","['Female', 0.9399999976158142]","[29L, 0.6660000085830688]","[146.1999969482422, 0.07999999821186066]","['15:20:00', '5', '23', 'August', '2019']",2
