I_est,F,G,A,H,T
1031137228,"[0.6309999823570251, [['1031137228', 0.9399999976158142], ['1020813120', 0.12700000405311584]]]","[['Female', 0.11299997568130493], ['Male', 0.8870000243186951]]","[23L, 0.6660000085830688]","[150.3000030517578, 0.07999999821186066]",417
1031137228,"[0.6309999823570251, [['1031137228', 0.9490000009536743], ['1020813120', 0.11999999731779099]]]","[['Female', 0.11299997568130493], ['Male', 0.8870000243186951]]","[23L, 0.6660000085830688]","[159.0, 0.07999999821186066]",419
1031137228,"[0.6309999823570251, [['1031137228', 0.9570000171661377], ['1020813120', 0.11999999731779099]]]","[['Female', 0.11299997568130493], ['Male', 0.8870000243186951]]","[23L, 0.6660000085830688]","[153.0, 0.07999999821186066]",420
1031137228,"[0.6309999823570251, [['1031137228', 0.9629999995231628], ['1020813120', 0.11999999731779099]]]","[['Female', 0.11299997568130493], ['Male', 0.8870000243186951]]","[23L, 0.6660000085830688]","[149.0, 0.07999999821186066]",428
1031137228,"[0.5389999747276306, [['1031137228', 0.296999990940094], ['1020813120', 0.06499999761581421]]]","[['Female', 0.1629999876022339], ['Male', 0.8370000123977661]]","[46L, 0.5]","[148.1999969482422, 0.07999999821186066]",808
1031137228,"[0.5389999747276306, [['1031137228', 0.296999990940094], ['1020813120', 0.06499999761581421]]]","[['Female', 0.1629999876022339], ['Male', 0.8370000123977661]]","[46L, 0.5]","[167.1999969482422, 0.07999999821186066]",810
1031137228,"[0.5389999747276306, [['1031137228', 0.4009999930858612], ['1020813120', 0.061000000685453415]]]","[['Female', 0.1629999876022339], ['Male', 0.8370000123977661]]","[46L, 0.5]","[160.3000030517578, 0.07999999821186066]",811
1020813120,"[0.5389999747276306, [['1020813120', 0.5709999799728394], ['1031137228', 0.37599998712539673]]]","[['Female', 0.1629999876022339], ['Male', 0.8370000123977661]]","[46L, 0.5]","[155.8000030517578, 0.07999999821186066]",812
