I_est,F,G,A,H,T,N
0,"[9.999999974752427e-07, []]","['Female', 0.5]","[35L, 0L]","[139.39999389648438, 0.07999999821186066]","['20:04:15', '3', '16', 'September', '2009']",1
