I_est,F,G,A,H,T,N
0,"[0.75, [['1020813120', 0.9739999771118164], ['1026295355', 0.382999986410141], ['1031137228', 0.20999999344348907], ['1015450699', 0.17399999499320984], ['1015448825', 0.0820000022649765]]]","['Female', 0.9490000009536743]","[25L, 0.4000000059604645]","[151.39999389648438, 0.07999999821186066]","['19:14:06', '3', '16', 'September', '2009']",1
0,"[0.7590000033378601, [['1020813120', 0.4300000071525574], ['1026295355', 0.30300000309944153], ['1015448825', 0.24199999868869781], ['1031137228', 0.15399999916553497], ['1015450699', 0.07000000029802322]]]","['Male', 0.824999988079071]","[31L, 0.5]","[153.0, 0.07999999821186066]","['19:17:23', '3', '16', 'September', '2009']",2
0,"[0.7789999842643738, [['1020813120', 0.9649999737739563], ['1026295355', 0.3619999885559082], ['1020809921', 0.3499999940395355], ['1015450699', 0.2150000035762787], ['1031137228', 0.1809999942779541], ['1015448825', 0.06700000166893005]]]","['Female', 0.9670000076293945]","[27L, 0.6660000085830688]","[146.39999389648438, 0.07999999821186066]","['19:20:04', '3', '16', 'September', '2009']",3
