I_est,F,G,A,H,T
1031137228,"[0.6579999923706055, [['1031137228', 0.8159999847412109]]]","[['Female', 0.0], ['Male', 1.0]]","[19L, 1.0]","[144.8000030517578, 0.07999999821186066]",126
