I_est,F,G,A,H,T,N
0,"[9.999999974752427e-07, []]","['Female', 0.5]","[35L, 0L]","[140.3000030517578, 0.07999999821186066]","['22:09:45', '3', '16', 'September', '2009']",1
0,"[9.999999974752427e-07, []]","['Female', 0.5]","[35L, 0L]","[172.6999969482422, 0.07999999821186066]","['22:18:02', '3', '16', 'September', '2009']",2
0,"[9.999999974752427e-07, []]","['Female', 0.5]","[35L, 0L]","[171.8000030517578, 0.07999999821186066]","['22:22:30', '3', '16', 'September', '2009']",3
0,"[9.999999974752427e-07, []]","['Female', 0.5]","[35L, 0L]","[139.6999969482422, 0.07999999821186066]","['22:42:47', '3', '16', 'September', '2009']",4
