I_est,F,G,A,H,T
0,"[0.7089999914169312, []]","[['Female', 0.0], ['Male', 1.0]]","[32L, 0.5]","[145.60000610351562, 0.07999999821186066]",807
1020813120,"[0.7089999914169312, [['1020813120', 1.0]]]","[['Female', 0.0], ['Male', 1.0]]","[32L, 0.5]","[141.89999389648438, 0.07999999821186066]",810
