I_est,F,G,A,H,T,N
0,"[0.6549999713897705, []]","['Female', 0.9440000057220459]","[23L, 0.25]","[148.6999969482422, 0.07999999821186066]","['14:42:35', '5', '23', 'August', '2019']",1
0,"[0.6629999876022339, [['1026295355', 0.5299999713897705]]]","['Female', 0.9399999976158142]","[29L, 0.6660000085830688]","[146.1999969482422, 0.07999999821186066]","['15:20:00', '5', '23', 'August', '2019']",2
0,"[0.7229999899864197, [['1026295355', 0.7749999761581421]]]","['Female', 0.7289999723434448]","[26L, 0.6660000085830688]","[149.10000610351562, 0.07999999821186066]","['15:37:54', '5', '06', 'September', '2019']",3
0,"[0.6579999923706055, [['1026295355', 0.5950000286102295]]]","['Male', 0.5139999985694885]","[33L, 0.2849999964237213]","[141.6999969482422, 0.07999999821186066]","['15:49:27', '5', '06', 'September', '2019']",4
