I_est,F,G,A,H,T
1031137228,"[0.6309999823570251, [['1031137228', 0.9399999976158142], ['1020813120', 0.12700000405311584]]]","[['Female', 0.11299997568130493], ['Male', 0.8870000243186951]]","[23L, 0.6660000085830688]","[150.3000030517578, 0.07999999821186066]",417
1031137228,"[0.6309999823570251, [['1031137228', 0.9490000009536743], ['1020813120', 0.11999999731779099]]]","[['Female', 0.11299997568130493], ['Male', 0.8870000243186951]]","[23L, 0.6660000085830688]","[159.0, 0.07999999821186066]",419
1031137228,"[0.6309999823570251, [['1031137228', 0.9570000171661377], ['1020813120', 0.11999999731779099]]]","[['Female', 0.11299997568130493], ['Male', 0.8870000243186951]]","[23L, 0.6660000085830688]","[153.0, 0.07999999821186066]",420
1031137228,"[0.6309999823570251, [['1031137228', 0.9629999995231628], ['1020813120', 0.11999999731779099]]]","[['Female', 0.11299997568130493], ['Male', 0.8870000243186951]]","[23L, 0.6660000085830688]","[149.0, 0.07999999821186066]",428
