I_real,I_est,I_prob,Calc_time,R
1020813120,0,[1.0],66.1317880153656,1
1020813120,1020813120,[0.02153323 0.97846677],27.4633150100708,0
