I_real,I_est,I_prob,Calc_time,R
1031137228,1031137228,[ 0.09184652  0.53838678  0.3697667 ],35.6800000668,1
1031137228,1031137228,[ 0.10857036  0.70334268  0.18808696],51.1270000935,0
1031137228,1031137228,[ 0.09926632  0.71884516  0.18188852],27.4370000362,0
1031137228,1031137228,[ 0.11055365  0.68905904  0.20038731],52.1640000343,0
