I_real,I_est,I_prob,Calc_time,R
1020813120,0,[1.0],66.56295204162598,1
1020813120,1020813120,[0.03692315 0.96307685],27.163959980010986,0
