I_real,I_est,I_prob,Calc_time,R
1031137228,1031137228,[0.24626981 0.75373019],59.17577505111694,1
