I_real,I_est,F_est,I_prob,F_prob,Calc_time,R,Quality,Highest_I_prob,Highest_F_prob
1020813120,0,0,[1.0],[0.4],120.98,1,-1,1.0,
1020809921,0,0,"[0.2153, 0.7847]","[0.4, 0.4300000071525574]",76.4,1,-1,0.7847,0.4300000071525574
1020813120,0,0,"[0.1287, 0.7357, 0.1356]","[0.4, 0.9649999737739563, 0.3499999940395355]",20.29,0,-1,0.7357,0.9649999737739563
