I_real,I_est,F_est,I_prob,F_prob,Calc_time,R,Quality,Highest_I_prob,Highest_F_prob
1026295355,0,0,[1.0],[0.4],68.84,1,-1,1.0,
1026295355,0,0,"[0.27, 0.73]","[0.4, 0.5299999713897705]",15.69,0,-1,0.73,0.5299999713897705
