I_real,I_est,I_prob,Calc_time,R
1031137228,0,[1.0],75.30438303947449,1
1031137228,1031137228,[0.13945799 0.86054201],24.978549003601074,0
