I_real,I_est,F_est,I_prob,F_prob,Calc_time,R,Quality,Highest_I_prob,Highest_F_prob
1026295355,0,0,[1.0],[0.4],68.84,1,-1,1.0,
1026295355,0,0,"[0.27, 0.73]","[0.4, 0.5299999713897705]",15.69,0,-1,0.73,0.5299999713897705
1026295355,0,0,"[0.1197, 0.8803]","[0.4, 0.7749999761581421]",21.06,0,-1,0.8803,0.7749999761581421
1026295355,0,0,"[0.1455, 0.8545]","[0.4, 0.5950000286102295]",21.43,0,-1,0.8545,0.5950000286102295
