I_real,I_est,I_prob,Calc_time,R
1031137228,0,"[0.88223469 0.01310278 0.01304229 0.01304229 0.01300305 0.01300305
 0.01484279 0.02472602 0.01300305]",61.433557987213135,1
