I_est,F,G,A,H,T
0,"[0.6269999742507935, []]","[['Female', 0.3399999737739563], ['Male', 0.6600000262260437]]","[21L, 0.6660000085830688]","[144.8000030517578, 0.07999999821186066]",1569
