I_est,F,G,A,H,T
0,"[0.5659999847412109, []]","[['Female', 0.0], ['Male', 1.0]]","[22L, 0.2849999964237213]","[147.8000030517578, 0.07999999821186066]",817
0,"[0.6019999980926514, []]","[['Female', 0.018000006675720215], ['Male', 0.9819999933242798]]","[21L, 0.3330000042915344]","[148.5, 0.07999999821186066]",821
0,"[0.6169999837875366, []]","[['Female', 0.2200000286102295], ['Male', 0.7799999713897705]]","[16L, 0.5]","[154.5, 0.07999999821186066]",823
0,"[0.671999990940094, []]","[['Female', 0.19499999284744263], ['Male', 0.8050000071525574]]","[28L, 0.2849999964237213]","[153.10000610351562, 0.07999999821186066]",824
4321,"[0.671999990940094, [['4321', 1.0]]]","[['Female', 0.19499999284744263], ['Male', 0.8050000071525574]]","[28L, 0.2849999964237213]","[146.39999389648438, 0.07999999821186066]",826
4321,"[0.671999990940094, [['4321', 1.0]]]","[['Female', 0.19499999284744263], ['Male', 0.8050000071525574]]","[28L, 0.2849999964237213]","[165.10000610351562, 0.07999999821186066]",851
4321,"[0.671999990940094, [['4321', 1.0]]]","[['Female', 0.19499999284744263], ['Male', 0.8050000071525574]]","[28L, 0.2849999964237213]","[174.3000030517578, 0.07999999821186066]",851
